{"_runtime":373,"train/learning_rate":4.994553189454123e-06,"_timestamp":1.7670857764512699e+09,"train/global_step":150,"_wandb":{"runtime":373},"_step":2,"train/grad_norm":10.6875,"train/epoch":0.10195412064570943,"train/loss":0.0828}